ox,oy,dx,dy
-3.2235272,55.9298953,-3.2101257,55.9334341
-3.2101018,55.9346315,-3.2203651,55.930717
-3.2100342,55.932279,-3.2064407,55.9484088
